,FinalLat,FinalLong,Distillery
0,-6.35936447624,55.7684732961,Bruichladdich
1,-3.08526137375,58.4348844804,OldPulteney
2,-2.99542118081,58.963721379,Scapa
3,-6.28380622016,55.7560243235,Bowmore
4,-2.47933235113,56.8466257985,OldFettercairn
